<?xml version="1.0" encoding="utf-8"?>
<openerp>
    <data>

       <!--  <menuitem name="General Ledger"
            parent="account.final_accounting_reports" action="action_account_general_ledger_menu_webkit"
            groups="account.group_account_manager,account.group_account_user" id="account.menu_general_ledger"/> -->

        <menuitem name="Trial Balance"
            parent="account.final_accounting_reports" action="action_account_trial_balance_menu_webkit"
            groups="account.group_account_manager,account.group_account_user" id="account.menu_general_Balance_report"/>

       <!--  <menuitem name="Partner Ledger"
            parent="account.next_id_22" action="action_account_partners_ledger_menu_webkit"
            groups="account.group_account_manager,account.group_account_user" id="account.menu_account_partner_ledger"/>

        <menuitem name="Partner Balance"
            parent="account.next_id_22" action="action_account_partner_balance_menu_webkit"
            groups="account.group_account_manager,account.group_account_user" id="account.menu_account_partner_balance_report"/>

        <menuitem name="Aged Partner Balance"
            parent="account.next_id_22" action="action_account_aged_trial_balance_menu_webkit"
            groups="account.group_account_manager,account.group_account_user" id="account.menu_aged_trial_balance"/>

        <menuitem name="Open Invoices"
            parent="account.next_id_22" action="action_account_open_invoices_menu_webkit"
            groups="account.group_account_manager,account.group_account_user" id="menu_account_open_invoices"/>

        <menuitem name="Aged Open Invoices"
            parent="account.next_id_22" action="action_account_aged_open_invoice_menu_webkit"
            groups="account.group_account_manager,account.group_account_user" id="menu_account_aged_open_invoices"/>

        <menuitem name="Journals"
            parent="account.menu_journals_report" action="action_account_print_journal_menu_webkit"
            groups="account.group_account_manager,account.group_account_user" id="account.menu_account_print_journal"/>
 -->
        <!--
        Hide Sale / Purchase Journals menu, replaced by a unique
        "Journals" menu
        -->
        <record id="account.menu_account_print_sale_purchase_journal" model="ir.ui.menu">
            <field name="groups_id" eval="[(4, ref('base.group_no_one')), ]"/>
        </record>

    </data>
</openerp>
